{"cameraMode":{"drawMode":0,"name":"Shaded","section":"Shading Mode"},"sceneLighting":true,"audioPlay":false,"sceneViewState":{"m_AlwaysRefresh":false,"showFog":true,"showSkybox":true,"showFlares":true,"showImageEffects":true,"showParticleSystems":true,"showVisualEffectGraphs":true,"m_FxEnabled":true},"in2DMode":false,"pivot":{"x":-1.9939994812011719,"y":2.9877686500549318,"z":3.1515283584594728},"rotation":{"x":0.001722040236927569,"y":-0.8188430666923523,"z":0.0024565323255956175,"w":0.5740105509757996},"size":4.333012580871582,"orthographic":false}