{"cameraMode":{"drawMode":0,"name":"Shaded","section":"Shading Mode"},"sceneLighting":true,"audioPlay":false,"sceneViewState":{"m_AlwaysRefresh":false,"showFog":true,"showSkybox":true,"showFlares":true,"showImageEffects":true,"showParticleSystems":true,"showVisualEffectGraphs":true,"m_FxEnabled":true},"in2DMode":false,"pivot":{"x":1.0412747859954835,"y":6.366965293884277,"z":-2.9415698051452638},"rotation":{"x":0.001722040236927569,"y":-0.8188430666923523,"z":0.0024565323255956175,"w":0.5740105509757996},"size":3.05595064163208,"orthographic":false}